combo_id,seed,iql_tau,iql_beta,iql_target_tau,iql_lr,iql_discount,ct_ckpt_path,iql_picked_step,iql_best_step_sim,rho_sim_predictor,top1_overlap_sim_predictor,top3_overlap_sim_predictor,top5_overlap_sim_predictor,iql_best_val_mae_uns,iql_best_val_mae_predictor,eval_tau,mae_uns_eval_split,eval_split
vcip_cancer_default,10,0.5,5.0,0.005,3e-4,0.95,/home/liam/pythonProject/VCIP-ICML-main/ct_checkpoints/tumor_generator/seed_10/coeff_4/ct_best_encoder.pt,1200,800,0.0438462,0,0,0.2,1.28803,1.28803,1,0.049686,false
vcip_cancer_default,10,0.5,5.0,0.005,3e-4,0.95,/home/liam/pythonProject/VCIP-ICML-main/ct_checkpoints/tumor_generator/seed_10/coeff_4/ct_best_encoder.pt,1200,800,0.0438462,0,0,0.2,1.28803,1.28803,2,0.086518,false
vcip_cancer_default,10,0.5,5.0,0.005,3e-4,0.95,/home/liam/pythonProject/VCIP-ICML-main/ct_checkpoints/tumor_generator/seed_10/coeff_4/ct_best_encoder.pt,1200,800,0.0438462,0,0,0.2,1.28803,1.28803,3,0.185964,false
vcip_cancer_default,10,0.5,5.0,0.005,3e-4,0.95,/home/liam/pythonProject/VCIP-ICML-main/ct_checkpoints/tumor_generator/seed_10/coeff_4/ct_best_encoder.pt,1200,800,0.0438462,0,0,0.2,1.28803,1.28803,4,0.210001,false
vcip_cancer_default,10,0.5,5.0,0.005,3e-4,0.95,/home/liam/pythonProject/VCIP-ICML-main/ct_checkpoints/tumor_generator/seed_10/coeff_4/ct_best_encoder.pt,1200,800,0.0438462,0,0,0.2,1.28803,1.28803,5,0.270834,false
vcip_cancer_default,10,0.5,5.0,0.005,3e-4,0.95,/home/liam/pythonProject/VCIP-ICML-main/ct_checkpoints/tumor_generator/seed_10/coeff_4/ct_best_encoder.pt,1200,800,0.0438462,0,0,0.2,1.28803,1.28803,6,0.369809,false
vcip_cancer_default,10,0.5,5.0,0.005,3e-4,0.95,/home/liam/pythonProject/VCIP-ICML-main/ct_checkpoints/tumor_generator/seed_10/coeff_4/ct_best_encoder.pt,1200,800,0.0438462,0,0,0.2,1.28803,1.28803,8,0.525953,false
vcip_cancer_default,10,0.5,5.0,0.005,3e-4,0.95,/home/liam/pythonProject/VCIP-ICML-main/ct_checkpoints/tumor_generator/seed_10/coeff_4/ct_best_encoder.pt,1200,800,0.0438462,0,0,0.2,1.28803,1.28803,10,0.690738,false
vcip_cancer_default,10,0.5,5.0,0.005,3e-4,0.95,/home/liam/pythonProject/VCIP-ICML-main/ct_checkpoints/tumor_generator/seed_10/coeff_4/ct_best_encoder.pt,1200,800,0.0438462,0,0,0.2,1.28803,1.28803,12,0.860627,false
vcip_cancer_default,101,0.5,5.0,0.005,3e-4,0.95,/home/liam/pythonProject/VCIP-ICML-main/ct_checkpoints/tumor_generator/seed_101/coeff_4/ct_best_encoder.pt,2200,1200,0.827692,0,0.333333,0.4,5.95961,5.95961,1,0.145630,false
vcip_cancer_default,101,0.5,5.0,0.005,3e-4,0.95,/home/liam/pythonProject/VCIP-ICML-main/ct_checkpoints/tumor_generator/seed_101/coeff_4/ct_best_encoder.pt,2200,1200,0.827692,0,0.333333,0.4,5.95961,5.95961,2,0.304776,false
vcip_cancer_default,101,0.5,5.0,0.005,3e-4,0.95,/home/liam/pythonProject/VCIP-ICML-main/ct_checkpoints/tumor_generator/seed_101/coeff_4/ct_best_encoder.pt,2200,1200,0.827692,0,0.333333,0.4,5.95961,5.95961,3,0.415193,false
vcip_cancer_default,101,0.5,5.0,0.005,3e-4,0.95,/home/liam/pythonProject/VCIP-ICML-main/ct_checkpoints/tumor_generator/seed_101/coeff_4/ct_best_encoder.pt,2200,1200,0.827692,0,0.333333,0.4,5.95961,5.95961,4,0.550398,false
vcip_cancer_default,101,0.5,5.0,0.005,3e-4,0.95,/home/liam/pythonProject/VCIP-ICML-main/ct_checkpoints/tumor_generator/seed_101/coeff_4/ct_best_encoder.pt,2200,1200,0.827692,0,0.333333,0.4,5.95961,5.95961,5,0.558817,false
vcip_cancer_default,101,0.5,5.0,0.005,3e-4,0.95,/home/liam/pythonProject/VCIP-ICML-main/ct_checkpoints/tumor_generator/seed_101/coeff_4/ct_best_encoder.pt,2200,1200,0.827692,0,0.333333,0.4,5.95961,5.95961,6,0.539623,false
vcip_cancer_default,101,0.5,5.0,0.005,3e-4,0.95,/home/liam/pythonProject/VCIP-ICML-main/ct_checkpoints/tumor_generator/seed_101/coeff_4/ct_best_encoder.pt,2200,1200,0.827692,0,0.333333,0.4,5.95961,5.95961,8,0.641402,false
vcip_cancer_default,101,0.5,5.0,0.005,3e-4,0.95,/home/liam/pythonProject/VCIP-ICML-main/ct_checkpoints/tumor_generator/seed_101/coeff_4/ct_best_encoder.pt,2200,1200,0.827692,0,0.333333,0.4,5.95961,5.95961,10,0.614146,false
vcip_cancer_default,101,0.5,5.0,0.005,3e-4,0.95,/home/liam/pythonProject/VCIP-ICML-main/ct_checkpoints/tumor_generator/seed_101/coeff_4/ct_best_encoder.pt,2200,1200,0.827692,0,0.333333,0.4,5.95961,5.95961,12,0.697389,false
vcip_cancer_default,1010,0.5,5.0,0.005,3e-4,0.95,/home/liam/pythonProject/VCIP-ICML-main/ct_checkpoints/tumor_generator/seed_1010/coeff_4/ct_best_encoder.pt,400,400,0.973077,1,1,0.8,2.52791,2.52791,1,0.084285,false
vcip_cancer_default,1010,0.5,5.0,0.005,3e-4,0.95,/home/liam/pythonProject/VCIP-ICML-main/ct_checkpoints/tumor_generator/seed_1010/coeff_4/ct_best_encoder.pt,400,400,0.973077,1,1,0.8,2.52791,2.52791,2,0.140220,false
vcip_cancer_default,1010,0.5,5.0,0.005,3e-4,0.95,/home/liam/pythonProject/VCIP-ICML-main/ct_checkpoints/tumor_generator/seed_1010/coeff_4/ct_best_encoder.pt,400,400,0.973077,1,1,0.8,2.52791,2.52791,3,0.216799,false
vcip_cancer_default,1010,0.5,5.0,0.005,3e-4,0.95,/home/liam/pythonProject/VCIP-ICML-main/ct_checkpoints/tumor_generator/seed_1010/coeff_4/ct_best_encoder.pt,400,400,0.973077,1,1,0.8,2.52791,2.52791,4,0.246083,false
vcip_cancer_default,1010,0.5,5.0,0.005,3e-4,0.95,/home/liam/pythonProject/VCIP-ICML-main/ct_checkpoints/tumor_generator/seed_1010/coeff_4/ct_best_encoder.pt,400,400,0.973077,1,1,0.8,2.52791,2.52791,5,0.333669,false
vcip_cancer_default,1010,0.5,5.0,0.005,3e-4,0.95,/home/liam/pythonProject/VCIP-ICML-main/ct_checkpoints/tumor_generator/seed_1010/coeff_4/ct_best_encoder.pt,400,400,0.973077,1,1,0.8,2.52791,2.52791,6,0.365983,false
vcip_cancer_default,1010,0.5,5.0,0.005,3e-4,0.95,/home/liam/pythonProject/VCIP-ICML-main/ct_checkpoints/tumor_generator/seed_1010/coeff_4/ct_best_encoder.pt,400,400,0.973077,1,1,0.8,2.52791,2.52791,8,0.527151,false
vcip_cancer_default,1010,0.5,5.0,0.005,3e-4,0.95,/home/liam/pythonProject/VCIP-ICML-main/ct_checkpoints/tumor_generator/seed_1010/coeff_4/ct_best_encoder.pt,400,400,0.973077,1,1,0.8,2.52791,2.52791,10,0.619412,false
vcip_cancer_default,1010,0.5,5.0,0.005,3e-4,0.95,/home/liam/pythonProject/VCIP-ICML-main/ct_checkpoints/tumor_generator/seed_1010/coeff_4/ct_best_encoder.pt,400,400,0.973077,1,1,0.8,2.52791,2.52791,12,0.768817,false
vcip_cancer_default,10101,0.5,5.0,0.005,3e-4,0.95,/home/liam/pythonProject/VCIP-ICML-main/ct_checkpoints/tumor_generator/seed_10101/coeff_4/ct_best_encoder.pt,400,400,0.523077,1,0.333333,0.4,1.38645,1.38645,1,0.059233,false
vcip_cancer_default,10101,0.5,5.0,0.005,3e-4,0.95,/home/liam/pythonProject/VCIP-ICML-main/ct_checkpoints/tumor_generator/seed_10101/coeff_4/ct_best_encoder.pt,400,400,0.523077,1,0.333333,0.4,1.38645,1.38645,2,0.123569,false
vcip_cancer_default,10101,0.5,5.0,0.005,3e-4,0.95,/home/liam/pythonProject/VCIP-ICML-main/ct_checkpoints/tumor_generator/seed_10101/coeff_4/ct_best_encoder.pt,400,400,0.523077,1,0.333333,0.4,1.38645,1.38645,3,0.188992,false
vcip_cancer_default,10101,0.5,5.0,0.005,3e-4,0.95,/home/liam/pythonProject/VCIP-ICML-main/ct_checkpoints/tumor_generator/seed_10101/coeff_4/ct_best_encoder.pt,400,400,0.523077,1,0.333333,0.4,1.38645,1.38645,4,0.234875,false
vcip_cancer_default,10101,0.5,5.0,0.005,3e-4,0.95,/home/liam/pythonProject/VCIP-ICML-main/ct_checkpoints/tumor_generator/seed_10101/coeff_4/ct_best_encoder.pt,400,400,0.523077,1,0.333333,0.4,1.38645,1.38645,5,0.262256,false
vcip_cancer_default,10101,0.5,5.0,0.005,3e-4,0.95,/home/liam/pythonProject/VCIP-ICML-main/ct_checkpoints/tumor_generator/seed_10101/coeff_4/ct_best_encoder.pt,400,400,0.523077,1,0.333333,0.4,1.38645,1.38645,6,0.304081,false
vcip_cancer_default,10101,0.5,5.0,0.005,3e-4,0.95,/home/liam/pythonProject/VCIP-ICML-main/ct_checkpoints/tumor_generator/seed_10101/coeff_4/ct_best_encoder.pt,400,400,0.523077,1,0.333333,0.4,1.38645,1.38645,8,0.385792,false
vcip_cancer_default,10101,0.5,5.0,0.005,3e-4,0.95,/home/liam/pythonProject/VCIP-ICML-main/ct_checkpoints/tumor_generator/seed_10101/coeff_4/ct_best_encoder.pt,400,400,0.523077,1,0.333333,0.4,1.38645,1.38645,10,0.419159,false
vcip_cancer_default,10101,0.5,5.0,0.005,3e-4,0.95,/home/liam/pythonProject/VCIP-ICML-main/ct_checkpoints/tumor_generator/seed_10101/coeff_4/ct_best_encoder.pt,400,400,0.523077,1,0.333333,0.4,1.38645,1.38645,12,0.450861,false
vcip_cancer_default,101010,0.5,5.0,0.005,3e-4,0.95,/home/liam/pythonProject/VCIP-ICML-main/ct_checkpoints/tumor_generator/seed_101010/coeff_4/ct_best_encoder.pt,1000,800,-0.177692,0,0,0.2,1.65773,1.65773,1,0.133141,false
vcip_cancer_default,101010,0.5,5.0,0.005,3e-4,0.95,/home/liam/pythonProject/VCIP-ICML-main/ct_checkpoints/tumor_generator/seed_101010/coeff_4/ct_best_encoder.pt,1000,800,-0.177692,0,0,0.2,1.65773,1.65773,2,0.197840,false
vcip_cancer_default,101010,0.5,5.0,0.005,3e-4,0.95,/home/liam/pythonProject/VCIP-ICML-main/ct_checkpoints/tumor_generator/seed_101010/coeff_4/ct_best_encoder.pt,1000,800,-0.177692,0,0,0.2,1.65773,1.65773,3,0.313898,false
vcip_cancer_default,101010,0.5,5.0,0.005,3e-4,0.95,/home/liam/pythonProject/VCIP-ICML-main/ct_checkpoints/tumor_generator/seed_101010/coeff_4/ct_best_encoder.pt,1000,800,-0.177692,0,0,0.2,1.65773,1.65773,4,0.423626,false
vcip_cancer_default,101010,0.5,5.0,0.005,3e-4,0.95,/home/liam/pythonProject/VCIP-ICML-main/ct_checkpoints/tumor_generator/seed_101010/coeff_4/ct_best_encoder.pt,1000,800,-0.177692,0,0,0.2,1.65773,1.65773,5,0.454880,false
vcip_cancer_default,101010,0.5,5.0,0.005,3e-4,0.95,/home/liam/pythonProject/VCIP-ICML-main/ct_checkpoints/tumor_generator/seed_101010/coeff_4/ct_best_encoder.pt,1000,800,-0.177692,0,0,0.2,1.65773,1.65773,6,0.497094,false
vcip_cancer_default,101010,0.5,5.0,0.005,3e-4,0.95,/home/liam/pythonProject/VCIP-ICML-main/ct_checkpoints/tumor_generator/seed_101010/coeff_4/ct_best_encoder.pt,1000,800,-0.177692,0,0,0.2,1.65773,1.65773,8,0.566250,false
vcip_cancer_default,101010,0.5,5.0,0.005,3e-4,0.95,/home/liam/pythonProject/VCIP-ICML-main/ct_checkpoints/tumor_generator/seed_101010/coeff_4/ct_best_encoder.pt,1000,800,-0.177692,0,0,0.2,1.65773,1.65773,10,0.699141,false
vcip_cancer_default,101010,0.5,5.0,0.005,3e-4,0.95,/home/liam/pythonProject/VCIP-ICML-main/ct_checkpoints/tumor_generator/seed_101010/coeff_4/ct_best_encoder.pt,1000,800,-0.177692,0,0,0.2,1.65773,1.65773,12,0.766617,false
vcip_cancer_default,20,0.5,5.0,0.005,3e-4,0.95,/home/liam/pythonProject/VCIP-ICML-main/ct_checkpoints/tumor_generator/seed_20/coeff_4/ct_best_encoder.pt,200,200,0.886154,1,0.666667,0.6,7.10507,7.10507,1,0.088608,false
vcip_cancer_default,20,0.5,5.0,0.005,3e-4,0.95,/home/liam/pythonProject/VCIP-ICML-main/ct_checkpoints/tumor_generator/seed_20/coeff_4/ct_best_encoder.pt,200,200,0.886154,1,0.666667,0.6,7.10507,7.10507,2,0.163954,false
vcip_cancer_default,20,0.5,5.0,0.005,3e-4,0.95,/home/liam/pythonProject/VCIP-ICML-main/ct_checkpoints/tumor_generator/seed_20/coeff_4/ct_best_encoder.pt,200,200,0.886154,1,0.666667,0.6,7.10507,7.10507,3,0.240593,false
vcip_cancer_default,20,0.5,5.0,0.005,3e-4,0.95,/home/liam/pythonProject/VCIP-ICML-main/ct_checkpoints/tumor_generator/seed_20/coeff_4/ct_best_encoder.pt,200,200,0.886154,1,0.666667,0.6,7.10507,7.10507,4,0.300944,false
vcip_cancer_default,20,0.5,5.0,0.005,3e-4,0.95,/home/liam/pythonProject/VCIP-ICML-main/ct_checkpoints/tumor_generator/seed_20/coeff_4/ct_best_encoder.pt,200,200,0.886154,1,0.666667,0.6,7.10507,7.10507,5,0.378392,false
vcip_cancer_default,20,0.5,5.0,0.005,3e-4,0.95,/home/liam/pythonProject/VCIP-ICML-main/ct_checkpoints/tumor_generator/seed_20/coeff_4/ct_best_encoder.pt,200,200,0.886154,1,0.666667,0.6,7.10507,7.10507,6,0.438148,false
vcip_cancer_default,20,0.5,5.0,0.005,3e-4,0.95,/home/liam/pythonProject/VCIP-ICML-main/ct_checkpoints/tumor_generator/seed_20/coeff_4/ct_best_encoder.pt,200,200,0.886154,1,0.666667,0.6,7.10507,7.10507,8,0.565675,false
vcip_cancer_default,20,0.5,5.0,0.005,3e-4,0.95,/home/liam/pythonProject/VCIP-ICML-main/ct_checkpoints/tumor_generator/seed_20/coeff_4/ct_best_encoder.pt,200,200,0.886154,1,0.666667,0.6,7.10507,7.10507,10,0.716463,false
vcip_cancer_default,20,0.5,5.0,0.005,3e-4,0.95,/home/liam/pythonProject/VCIP-ICML-main/ct_checkpoints/tumor_generator/seed_20/coeff_4/ct_best_encoder.pt,200,200,0.886154,1,0.666667,0.6,7.10507,7.10507,12,0.883126,false
vcip_cancer_default,202,0.5,5.0,0.005,3e-4,0.95,/home/liam/pythonProject/VCIP-ICML-main/ct_checkpoints/tumor_generator/seed_202/coeff_4/ct_best_encoder.pt,400,400,0.95,1,1,0.8,9.3671,9.3671,1,0.101714,false
vcip_cancer_default,202,0.5,5.0,0.005,3e-4,0.95,/home/liam/pythonProject/VCIP-ICML-main/ct_checkpoints/tumor_generator/seed_202/coeff_4/ct_best_encoder.pt,400,400,0.95,1,1,0.8,9.3671,9.3671,2,0.146152,false
vcip_cancer_default,202,0.5,5.0,0.005,3e-4,0.95,/home/liam/pythonProject/VCIP-ICML-main/ct_checkpoints/tumor_generator/seed_202/coeff_4/ct_best_encoder.pt,400,400,0.95,1,1,0.8,9.3671,9.3671,3,0.225869,false
vcip_cancer_default,202,0.5,5.0,0.005,3e-4,0.95,/home/liam/pythonProject/VCIP-ICML-main/ct_checkpoints/tumor_generator/seed_202/coeff_4/ct_best_encoder.pt,400,400,0.95,1,1,0.8,9.3671,9.3671,4,0.270674,false
vcip_cancer_default,202,0.5,5.0,0.005,3e-4,0.95,/home/liam/pythonProject/VCIP-ICML-main/ct_checkpoints/tumor_generator/seed_202/coeff_4/ct_best_encoder.pt,400,400,0.95,1,1,0.8,9.3671,9.3671,5,0.305233,false
vcip_cancer_default,202,0.5,5.0,0.005,3e-4,0.95,/home/liam/pythonProject/VCIP-ICML-main/ct_checkpoints/tumor_generator/seed_202/coeff_4/ct_best_encoder.pt,400,400,0.95,1,1,0.8,9.3671,9.3671,6,0.334810,false
vcip_cancer_default,202,0.5,5.0,0.005,3e-4,0.95,/home/liam/pythonProject/VCIP-ICML-main/ct_checkpoints/tumor_generator/seed_202/coeff_4/ct_best_encoder.pt,400,400,0.95,1,1,0.8,9.3671,9.3671,8,0.386072,false
vcip_cancer_default,202,0.5,5.0,0.005,3e-4,0.95,/home/liam/pythonProject/VCIP-ICML-main/ct_checkpoints/tumor_generator/seed_202/coeff_4/ct_best_encoder.pt,400,400,0.95,1,1,0.8,9.3671,9.3671,10,0.415246,false
vcip_cancer_default,202,0.5,5.0,0.005,3e-4,0.95,/home/liam/pythonProject/VCIP-ICML-main/ct_checkpoints/tumor_generator/seed_202/coeff_4/ct_best_encoder.pt,400,400,0.95,1,1,0.8,9.3671,9.3671,12,0.490530,false
vcip_cancer_default,2020,0.5,5.0,0.005,3e-4,0.95,/home/liam/pythonProject/VCIP-ICML-main/ct_checkpoints/tumor_generator/seed_2020/coeff_4/ct_best_encoder.pt,1800,400,0.791538,0,0.666667,0.8,11.224,11.224,1,0.085944,false
vcip_cancer_default,2020,0.5,5.0,0.005,3e-4,0.95,/home/liam/pythonProject/VCIP-ICML-main/ct_checkpoints/tumor_generator/seed_2020/coeff_4/ct_best_encoder.pt,1800,400,0.791538,0,0.666667,0.8,11.224,11.224,2,0.181811,false
vcip_cancer_default,2020,0.5,5.0,0.005,3e-4,0.95,/home/liam/pythonProject/VCIP-ICML-main/ct_checkpoints/tumor_generator/seed_2020/coeff_4/ct_best_encoder.pt,1800,400,0.791538,0,0.666667,0.8,11.224,11.224,3,0.249288,false
vcip_cancer_default,2020,0.5,5.0,0.005,3e-4,0.95,/home/liam/pythonProject/VCIP-ICML-main/ct_checkpoints/tumor_generator/seed_2020/coeff_4/ct_best_encoder.pt,1800,400,0.791538,0,0.666667,0.8,11.224,11.224,4,0.334420,false
vcip_cancer_default,2020,0.5,5.0,0.005,3e-4,0.95,/home/liam/pythonProject/VCIP-ICML-main/ct_checkpoints/tumor_generator/seed_2020/coeff_4/ct_best_encoder.pt,1800,400,0.791538,0,0.666667,0.8,11.224,11.224,5,0.443936,false
vcip_cancer_default,2020,0.5,5.0,0.005,3e-4,0.95,/home/liam/pythonProject/VCIP-ICML-main/ct_checkpoints/tumor_generator/seed_2020/coeff_4/ct_best_encoder.pt,1800,400,0.791538,0,0.666667,0.8,11.224,11.224,6,0.522602,false
vcip_cancer_default,2020,0.5,5.0,0.005,3e-4,0.95,/home/liam/pythonProject/VCIP-ICML-main/ct_checkpoints/tumor_generator/seed_2020/coeff_4/ct_best_encoder.pt,1800,400,0.791538,0,0.666667,0.8,11.224,11.224,8,0.741293,false
vcip_cancer_default,2020,0.5,5.0,0.005,3e-4,0.95,/home/liam/pythonProject/VCIP-ICML-main/ct_checkpoints/tumor_generator/seed_2020/coeff_4/ct_best_encoder.pt,1800,400,0.791538,0,0.666667,0.8,11.224,11.224,10,0.949611,false
vcip_cancer_default,2020,0.5,5.0,0.005,3e-4,0.95,/home/liam/pythonProject/VCIP-ICML-main/ct_checkpoints/tumor_generator/seed_2020/coeff_4/ct_best_encoder.pt,1800,400,0.791538,0,0.666667,0.8,11.224,11.224,12,1.126705,false
